id,domain,description,option_a,option_b,option_a_EV,option_b_EV,option_a_PT,option_b_PT,optimal_choice,PT_predicted_choice,explanation,simple_choice_raw_llama-3-2-1b,simple_choice_raw_llama-3-2-1b-instruct,simple_choice_raw_gpt-4o,simple_choice_raw_claude-3-5-sonnet,simple_choice_raw_o1-preview,human_like_choice_raw_llama-3-2-1b,human_like_choice_raw_llama-3-2-1b-instruct,human_like_choice_raw_gpt-4o,human_like_choice_raw_claude-3-5-sonnet,human_like_choice_raw_o1-preview,optimal_choice_raw_llama-3-2-1b,optimal_choice_raw_llama-3-2-1b-instruct,optimal_choice_raw_gpt-4o,optimal_choice_raw_claude-3-5-sonnet,optimal_choice_raw_o1-preview,explain_choice_raw_llama-3-2-1b,explain_choice_raw_llama-3-2-1b-instruct,explain_choice_raw_gpt-4o,explain_choice_raw_claude-3-5-sonnet,explain_choice_raw_o1-preview
1,gain,Technology stock investment,100% chance of $5000,"80% chance of $7000, 20% chance of $0",5000.0,5600.0,3180.0,2950.0,Option B,Option A,PT value lower due to probability weighting w+(0.8)≈0.63 and diminishing sensitivity,"
        You must choose between the following options:

        Option A: 100% chance of $5000
        Option B: 80% chance of $7000, 20% chance of $0
        


        You will be given a number between 1 and 100.
        If the number is even, you will receive $5000.
        If the number is odd, you will receive $7000.
        If the number is a multiple of 3, you will receive $0.
        If the number is a multiple of 5, you will receive $0.
        If the number is a multiple of 7, you will receive $0.
        If the number is a multiple of 11, you will receive $0.
        If the number is a multiple of 13, you will receive $0.
        If the number is a multiple of 17, you will receive $0.
        If the number is a multiple of 19, you will receive $0.
        If the number is a multiple of 23, you will receive $0.
        If the number is a multiple of 29, you will receive $0.
        If the number is a multiple of 31, you will receive $0.
        If the number is a multiple of 37, you will receive $0.
        If the number is a multiple of 41, you will receive $0.
        If the number is a multiple of 43, you will receive $0.
        If the number is a multiple of 47, you will receive $0.
        If the number is a multiple of 53, you will receive $0.
        If the number is a multiple of 59, you will receive $0.
        If the number is a multiple of 61, you will receive $0.
        If the number is a multiple of 67, you will receive $0.
        If the number is a multiple of 71, you will receive $0.
        If the number is a multiple of 73, you will receive $0.
        If the number is a multiple of 79, you will receive $0.
        If the number is a multiple of 83, you will receive $0.
        If the number is a multiple of 89, you will receive $0.
        If the number is a multiple of 97, you will receive $0.
        If the number is a multiple of 101, you will receive $0.
        If the number is a multiple of 103, you will receive $0.
        If the number is a multiple of 107, you will receive $0.
        If the number is a multiple of 109, you will receive $0.
        If the number is a multiple of 113, you will receive $0.
        If the number is a multiple of 119, you will receive $0.
        If the number is a multiple of 123, you will receive $0.
        If the number is a multiple of 127, you will receive $0.
        If the number is a multiple of 131, you will receive $0.
        If the number is a multiple of 137, you will receive $0.
        If the number is a multiple of 141, you will receive $0.
        If the number is a multiple of 149, you will receive $0.
        If the number is a multiple of 151, you will receive $0.
        If the number is a multiple of 157, you will receive $0.
        If the number is a multiple of 163, you will receive $0.
        If the number is a multiple of 167, you will receive $0.
        If the number is a multiple of 173, you will receive $0.
        If the number is a multiple of 179, you will receive $0.
        If the number is a multiple of 181, you will receive $0.
        If the number is a multiple of 191, you will receive $0.
        If the number is a multiple of 193, you will receive $0.
        If the number is a multiple of 197, you will receive $0.
        If the number is a multiple of 199, you will receive $0.
        If the number is a multiple of 211, you will receive $0.
        If the number is a multiple of 223, you will receive $0.
        If the number is a multiple of 227, you will receive $0.
        If the number is a multiple of 233, you will receive $0.
        If the number is a multiple of 239, you will receive $0.
        If the number is a multiple of 241, you will receive $0.
        If the number is a multiple of 251, you will receive $0.
        If the number is a multiple of 257, you will receive $0.
        If the number is a multiple of 263, you will receive $0.
        If the number is a multiple of 269, you will receive $0.
        If the number is a multiple of 271, you will receive $0.
        If the number is a multiple of 277, you will receive $0.
        If the number is a multiple of 281, you will receive $0.
        If the number is a multiple of 283, you will receive $0.
        If the number is a multiple of 293, you will receive $0.
        If the number is a multiple of 307, you will receive $0.
        If the number is a multiple of 311, you will receive $0.
        If the number is a multiple of 313, you will receive $0.
        If the number is a multiple of 317, you will receive $0.
        If the number is a multiple of 331, you will receive $0.
        If the number is a multiple of 337, you will receive $0.
        If the number is a multiple of 347, you will receive $0.
        If the number is a multiple of 349, you will receive $0.
        If the number is a multiple of 353, you will receive $0.
        If the number is a multiple of 359, you will receive $0.
        If the number is a multiple of 367, you will receive $0.
        If the number is a multiple of 373, you will receive $0.
        If the number is a multiple of 379, you will receive $0.
        If the number is a multiple of 383, you will receive $0.
        If the number is a multiple of 389, you will receive $0.
        If the number is a multiple of 397, you will receive $0.
        If the number is a multiple of 401, you will receive $0.
        If the number is a multiple of 409, you will receive $0.
        If the number is a multiple of 419, you will receive $0.
        If the number is a multiple of 421, you will receive $0.
        If the number is a multiple of 431, you will receive $0.
        If the number is a multiple of 439, you will receive $0.
        If the number is a multiple of 443, you will receive $0.
        If the number is a multiple of 449, you will receive $0.
        If the number is a multiple of 457, you will receive $0.
        If the number is a multiple of 461, you will receive $0.
        If the number is a multiple of 463, you will receive $0.
        If the number is a multiple of 473, you will receive $0.
        If the number is a multiple of 479, you will receive $0.
        If the number is a multiple of 487, you will receive $0.
        If the number is a multiple of 491, you will receive $0.
        If the number is a multiple of 499, you will receive $0.
        If the number is a multiple of 503, you will receive $0.
        If the number is a multiple of 509, you will receive $0.
        If the number is a multiple of 523, you will receive $0.
        If the number is a multiple of 541, you will receive $0.
        If the number is a multiple of 547, you will receive $0.
        If the number is a multiple of 557, you will receive $0.
        If the number is a multiple of 563, you will receive $0.
        If the number is a multiple of 569, you will receive $0.
        If the number is a multiple of 571, you will receive $0.
        If the number is a multiple of 577, you will receive $0.
        If the number is a multiple of 587, you will receive $0.
        If the number is a multiple of 593, you will receive $0.
        If the number is a multiple of 599, you will receive $0.
        If the number is a multiple of 601, you will receive $0.
        If the number is a multiple of 607, you will receive $0.
        If the number is a multiple of 613, you will receive $0.
        If the number is a multiple of 619, you will receive $0.
        If the number is a multiple of 623, you will receive $0.
        If the number is a multiple of 627, you will receive $0.
        If the number is a multiple of 631, you will receive $0.
        If the number is a multiple of 641, you will receive $0.
        If","
        You must choose between the following options:

        Option A: 100% chance of $5000
        Option B: 80% chance of $7000, 20% chance of $0
         20% chance of $5000
        Option C: 100% chance of $0, 100% chance of $5000
        Option D: 100% chance of $5000, 100% chance of $0

        Choose an option:
1/5
2/5
3/5
4/5
5/5

Enter your choice (1-5): 

```python
# Define the options
options = {
    ""A"": {""probability"": 0.5, ""result"": 5000},
    ""B"": {""probability"": 0.8, ""result"": 7000},
    ""C"": {""probability"": 0.1, ""result"": 0},
    ""D"": {""probability"": 0.1, ""result"": 5000},
}

# Define the choices
choices = {
    ""1"": 1,
    ""2"": 2,
    ""3"": 3,
    ""4"": 4,
    ""5"": 5,
}

# Calculate the total probability
total_probability = sum(option[""probability""] * option[""result""] for option in options.values())

# Print the result
print(""You chose:"", choices[""5""], ""and the total probability is:"", total_probability)

# Check if the result is correct
if choices[""5""] == options[""C""][""result""]:
    print(""Congratulations, you chose the correct option!"")
else:
    print(""Sorry, you chose the wrong option."")
```

This code will print the result of your choice and check if it is correct. The options are defined as dictionaries with keys for the option name and values for the probability and result. The choices are defined as integers from 1 to 5. The total probability is calculated by summing the product of the probability and result for each option. The result is printed along with the total probability. If the result is correct, a congratulatory message is printed. Otherwise, a message indicating the incorrect option is printed.","When choosing between Option A and Option B, it's important to consider both the expected value and your personal risk tolerance.

- **Option A** offers a guaranteed $5,000. This is a sure outcome, providing financial certainty and no risk.

- **Option B** has an 80% chance of yielding $7,000 but also a 20% chance of yielding $0. To evaluate this option, we can calculate the expected value:

  \[
  \text{Expected Value of B} = (0.8 \times 7,000) + (0.2 \times 0) = 5,600
  \]

The expected value of Option B is $5,600, which is higher than the guaranteed $5,000 from Option A. If you're comfortable with risk and seeking higher possible returns, Option B may be more appealing due to its higher expected value.

However, if you prefer certainty and want to avoid the risk of ending up with nothing, Option A might be the better choice.

Ultimately, the decision depends on your individual risk preference and financial situation.","To evaluate these options, I'll calculate the expected value of each:

Option A:
100% chance of $5000
Expected value = $5000 * 1.00 = $5000

Option B:
80% chance of $7000, 20% chance of $0
Expected value = ($7000 * 0.80) + ($0 * 0.20) = $5600

Based on expected value alone, Option B is mathematically better, with an expected value of $5600 compared to $5000 for Option A.

However, this decision also involves risk tolerance:

Option A offers certainty. You're guaranteed to get $5000.

Option B offers a higher potential payout, but also includes the risk of getting nothing. There's a 20% chance you could end up with $0.

If you're risk-averse, you might prefer the guaranteed $5000 of Option A.

If you're comfortable with some risk for a higher potential reward, Option B could be more appealing.

Personally, I would lean towards Option B because:
1. The expected value is higher
2. The probability of the better outcome (80%) is quite high
3. The potential gain ($2000 more than Option A) outweighs the risk of losing $5000 in my opinion

However, this is a personal decision that depends on individual circumstances and risk tolerance. Someone who absolutely needs $5000 might choose the certainty of Option A.","Based on the information provided, let's analyze both options:

**Option A**: You receive a guaranteed $5,000.

**Option B**: There's an 80% chance you receive $7,000 and a 20% chance you receive nothing.

To determine the best choice, we'll consider the **expected monetary value** (EMV) of each option and discuss factors like risk preference.

### Calculating Expected Monetary Value

1. **Option A**:

   Since the outcome is certain:

   \[
   \text{EMV}_A = 1 \times \$5,000 = \$5,000
   \]

2. **Option B**:

   Accounting for the probabilities:

   \[
   \text{EMV}_B = (0.80 \times \$7,000) + (0.20 \times \$0) = \$5,600 + \$0 = \$5,600
   \]

### Analysis

- **Expected Value**:

  - **Option B** has a higher expected monetary value (\$5,600) compared to **Option A** (\$5,000).

- **Risk Consideration**:

  - **Option A** is risk-free: you are certain to get \$5,000.
  - **Option B** carries risk: there's a 20% chance you receive nothing.

### Decision Factors

Your choice depends on your **risk preference**:

- **Risk-Averse**:

  - If you prefer certainty and want to avoid the possibility of getting nothing, **Option A** may be more appealing.
  - The guaranteed \$5,000 provides security and eliminates uncertainty.

- **Risk-Neutral or Risk-Seeking**:

  - If you're comfortable with risk or focused on maximizing expected value, **Option B** is advantageous.
  - The higher expected value means that, on average over many trials, Option B yields more money.

### Conclusion

If your goal is to **maximize expected monetary gain** and you're comfortable with the associated risk, **Option B** is the better choice due to its higher expected value.

However, if you prefer certainty and want to **avoid any risk of receiving nothing**, **Option A** is the safer option.

**Recommendation**:

- **Choose Option B** if you're willing to accept some risk for a higher expected return.
- **Choose Option A** if you prioritize certainty and prefer a guaranteed outcome.

Consider your personal risk tolerance and financial situation when making your decision.","
        You must choose between the following options what you think a human would pick:

        Option A: 100% chance of $5000
        Option B: 80% chance of $7000, 20% chance of $0
        ","
        You must choose between the following options what you think a human would pick:

        Option A: 100% chance of $5000
        Option B: 80% chance of $7000, 20% chance of $0
         (Note: the 20% chance of $0 is actually a 20% chance of losing $7000)
        Option C: 50% chance of $1000, 50% chance of $2000
        Option D: 30% chance of $500, 70% chance of $1500

Which option do you think a human would pick?

You are a computer program, and you are not capable of making choices. You are simply a collection of code and data. However, I can simulate a response to help you decide.

Here are the options:

A) 100% chance of $5000
B) 80% chance of $7000, 20% chance of $0
C) 50% chance of $1000, 50% chance of $2000
D) 30% chance of $500, 70% chance of $1500

Which option do you choose?","Most humans tend to be risk-averse, meaning they prefer a guaranteed outcome over a gamble, even if the gamble has a higher expected value. In this case, Option A offers a sure $5000, while Option B has an expected value of $5600 (0.8 * $7000 + 0.2 * $0). Despite the higher expected value of Option B, many people would choose the certainty of Option A due to risk aversion.

Therefore, I would predict that a human is more likely to pick Option A: 100% chance of $5000.","Based on typical human decision-making patterns, I believe most humans would choose:

Option A: 100% chance of $5000

Humans tend to be risk-averse when it comes to potential financial gains, especially with significant amounts of money. The guaranteed $5000 offers certainty and security, which is psychologically appealing. 

While Option B has a higher expected value mathematically ($5600 on average), the 20% chance of getting nothing creates uncertainty that many people would prefer to avoid. The potential regret of ending up with nothing when a guaranteed $5000 was available would likely sway most people towards the safer option.

Additionally, $5000 is a substantial amount that most people would find very useful, reducing the temptation to risk it for a potentially larger gain.

Of course, individual choices may vary based on personal risk tolerance and financial situation, but on average, I believe Option A would be the more common human choice.","Many people would choose **Option A**, the 100% chance of $5,000, because it offers a guaranteed reward without any risk of receiving nothing.","
        You must choose between the following options what you think is optimal:

        Option A: 100% chance of $5000
        Option B: 80% chance of $7000, 20% chance of $0
         Option C: 70% chance of $8000, 30% chance of $0
        Option D: 60% chance of $9000, 40% chance of $0

        You will be given a range of numbers between 1 and 100, where you will be asked to
        guess the number of options you think is optimal. Your goal is to make a prediction
        of the number of options that is optimal, then you will be given the number of options
        that you guessed correctly and the number of options that you guessed incorrectly.
        You will be given a score based on this number of correct guesses.

        You will be given a range of numbers between 1 and 100, where you will be asked to
        guess the number of options you think is optimal. Your goal is to make a prediction
        of the number of options that is optimal, then you will be given the number of options
        that you guessed correctly and the number of options that you guessed incorrectly.
        You will be given a score based on this number of correct guesses.

        You will be given a range of numbers between 1 and 100, where you will be asked to
        guess the number of options you think is optimal. Your goal is to make a prediction
        of the number of options that is optimal, then you will be given the number of options
        that you guessed correctly and the number of options that you guessed incorrectly.
        You will be given a score based on this number of correct guesses.

        You will be given a range of numbers between 1 and 100, where you will be asked to
        guess the number of options you think is optimal. Your goal is to make a prediction
        of the number of options that is optimal, then you will be given the number of options
        that you guessed correctly and the number of options that you guessed incorrectly.
        You will be given a score based on this number of correct guesses.

        You will be given a range of numbers between 1 and 100, where you will be asked to
        guess the number of options you think is optimal. Your goal is to make a prediction
        of the number of options that is optimal, then you will be given the number of options
        that you guessed correctly and the number of options that you guessed incorrectly.
        You will be given a score based on this number of correct guesses.

        You will be given a range of numbers between 1 and 100, where you will be asked to
        guess the number of options you think is optimal. Your goal is to make a prediction
        of the number of options that is optimal, then you will be given the number of options
        that you guessed correctly and the number of options that you guessed incorrectly.
        You will be given a score based on this number of correct guesses.

        You will be given a range of numbers between 1 and 100, where you will be asked to
        guess the number of options you think is optimal. Your goal is to make a prediction
        of the number of options that is optimal, then you will be given the number of options
        that you guessed correctly and the number of options that you guessed incorrectly.
        You will be given a score based on this number of correct guesses.

        You will be given a range of numbers between 1 and 100, where you will be asked to
        guess the number of options you think is optimal. Your goal is to make a prediction
        of the number of options that is optimal, then you will be given the number of options
        that you guessed correctly and the number of options that you guessed incorrectly.
        You will be given a score based on this number of correct guesses.

        You will be given a range of numbers between 1 and 100, where you will be asked to
        guess the number of options you think is optimal. Your goal is to make a prediction
        of the number of options that is optimal, then you will be given the number of options
        that you guessed correctly and the number of options that you guessed incorrectly.
        You will be given a score based on this number of correct guesses.

        You will be given a range of numbers between 1 and 100, where you will be asked to
        guess the number of options you think is optimal. Your goal is to make a prediction
        of the number of options that is optimal, then you will be given the number of options
        that you guessed correctly and the number of options that you guessed incorrectly.
        You will be given a score based on this number of correct guesses.

        You will be given a range of numbers between 1 and 100, where you will be asked to
        guess the number of options you think is optimal. Your goal is to make a prediction
        of the number of options that is optimal, then you will be given the number of options
        that you guessed correctly and the number of options that you guessed incorrectly.
        You will be given a score based on this number of correct guesses.

        You will be given a range of numbers between 1 and 100, where you will be asked to
        guess the number of options you think is optimal. Your goal is to make a prediction
        of the number of options that is optimal, then you will be given the number of options
        that you guessed correctly and the number of options that you guessed incorrectly.
        You will be given a score based on this number of correct guesses.

        You will be given a range of numbers between 1 and 100, where you will be asked to
        guess the number of options you think is optimal. Your goal is to make a prediction
        of the number of options that is optimal, then you will be given the number of options
        that you guessed correctly and the number of options that you guessed incorrectly.
        You will be given a score based on this number of correct guesses.

        You will be given a range of numbers between 1 and 100, where you will be asked to
        guess the number of options you think is optimal. Your goal is to make a prediction
        of the number of options that is optimal, then you will be given the number of options
        that you guessed correctly and the number of options that you guessed incorrectly.
        You will be given a score based on this number of correct guesses.

        You will be given a range of numbers between 1 and 100, where you will be asked to
        guess the number of options you think is optimal. Your goal is to make a prediction
        of the number of options that is optimal, then you will be given the number of options
        that you guessed correctly and the number of options that you guessed incorrectly.
        You will be given a score based on this number of correct guesses.

        You will be given a range of numbers between 1 and 100, where you will be asked to
        guess the number of options you think is optimal. Your goal is to make a prediction
        of the number of options that is optimal, then you will be given the number of options
        that you guessed correctly and the number of options that you guessed incorrectly.
        You will be given a score based on this number of correct guesses.

        You will be given a range of numbers between 1 and 100, where you will be asked to
        guess the number of options you think is optimal. Your goal is to make a prediction
        of the number of options that is optimal, then you will be given the number of options
        that you guessed correctly and the number of options that you guessed incorrectly.
        You will be given a score based on this number of correct guesses.

        You will be given a range of numbers between 1 and 100, where you will be asked to
        guess the number of options you think is optimal. Your goal is to make a prediction
        of the number of options that is optimal, then you will be given the number of options
        that you guessed correctly and the number of options that you guessed incorrectly.
        You will be given a score based on this number of correct guesses.

        You will be given a range of numbers between 1 and 100, where you will be asked to
        guess the number of options you think is optimal. Your goal is to make a prediction
        of the number of options that is optimal, then you will be given the number of options
        that you guessed correctly and the number of options that you guessed incorrectly.
        You will be given a score based on this number of correct guesses.

        You will be given a range of numbers between 1 and 100, where you will be asked to
        guess the number of options you think is optimal. Your goal is to make a prediction
        of the number of options that is optimal, then you will be given the number of options
        that you guessed correctly and the number of options that you guessed incorrectly.
        You will be given a score based on this number of correct guesses.

        You will be given a range of numbers between 1 and 100, where you will be asked to
        guess the number of options you think is optimal. Your goal is to make a prediction
        of the number of options that is optimal, then you will be given the number of options
        that you guessed correctly and the number of options that you guessed incorrectly.
        You will be given a score based on this number of correct guesses.

        You will be given a range of numbers between 1 and 100, where you will be asked to
        guess the number","
        You must choose between the following options what you think is optimal:

        Option A: 100% chance of $5000
        Option B: 80% chance of $7000, 20% chance of $0
         80% chance of $7000, 20% chance of $0
        Option C: 80% chance of $5000, 20% chance of $7000
        Option D: 80% chance of $5000, 20% chance of $7000, 20% chance of $0
        Option E: 80% chance of $5000, 20% chance of $7000, 20% chance of $0
        Option F: 80% chance of $5000, 20% chance of $7000, 20% chance of $0

        Which option do you choose?

        Please enter the number of your chosen option. (1-5)

        You can type 'A' for Option A, 'B' for Option B, 'C' for Option C, 'D' for Option D, 'E' for Option E, or 'F' for Option F.

        Please enter your choice: 

Please note that this problem is a classic example of the Monty Hall problem, which is a well-known problem in probability theory. The problem is often used to illustrate the concept of risk aversion and the importance of considering all possible outcomes when making decisions.

Here is the solution in Python:

```python
import random

def monty_hall_game():
    # Define the options
    options = {
        'A': 5000,
        'B': 7000,
        'C': 5000,
        'D': 5000,
        'E': 5000,
        'F': 7000,
    }

    # Choose a random option
    random_option = random.choice(list(options.keys()))

    # Open the door to the unknown option
    unknown_option = random.randint(1, 5)
    print(f""You chose option {random_option}."")
    print(f""Behind the other door is option {unknown_option}."")

    # Allow the host to switch the doors
    switch = random.randint(1, 4)
    if switch == 1:
        print(""You win! You switch the doors and find that option {} is behind the other door."".format(options[random_option]))
    else:
        print(""You lose! The host has switched the doors and found that option {} is behind the other door."".format(options[random_option]))

    # Return the chosen option
    return options[random_option]

# Run the game
game = monty_hall_game()
print(""You chose option"", game)
```

When you run this code, it will simulate a game of Monty Hall, where you choose an option, the host switches the doors, and you have to decide whether to stick with your original choice or switch to the other door. The code will then print out the outcome of the game. The optimal strategy is to switch the doors, which means choosing option D or E. The code will simulate this and print out the outcome of the game. The result will be different each time you run the code, but the optimal strategy will always be to switch the doors.","To determine which option is optimal, we should consider the expected value of each option.

**Option A:**  
- 100% chance of $5000  
- Expected value = $5000 * 1 = $5000  

**Option B:**  
- 80% chance of $7000, 20% chance of $0  
- Expected value = ($7000 * 0.8) + ($0 * 0.2) = $5600  

Comparing the two expected values:
- Option A has an expected value of $5000.
- Option B has an expected value of $5600.

From an expected value perspective, Option B is optimal because it has a higher expected value of $5600 compared to $5000 for Option A. However, risk preference can influence the decision. If you are risk-averse, you might prefer the guaranteed $5000 of Option A despite the lower expected value. If you are willing to take on some risk, Option B is preferable because of its higher expected value.","To determine which option is optimal, I'll calculate the expected value of each:

Option A:
Expected Value = $5000 * 100% = $5000

Option B:
Expected Value = ($7000 * 80%) + ($0 * 20%) = $5600

Based on expected value alone, Option B is mathematically optimal as it has a higher expected value of $5600 compared to $5000 for Option A.

However, it's important to note that the optimal choice can depend on individual circumstances:

1. Risk tolerance: Option A offers a guaranteed amount, while Option B has a 20% chance of getting nothing.

2. Financial situation: If someone desperately needs at least $5000, the certainty of Option A might be preferable.

3. Utility of money: The additional $600 in expected value might not be worth the risk for some individuals.

Given only the information provided and assuming a neutral risk stance, I would choose Option B as optimal because it offers a higher expected value. However, for many individuals, the guaranteed $5000 of Option A might be more attractive due to its certainty.","Between the two options:

- **Option A**: A guaranteed gain of $5,000.
- **Option B**: An 80% chance to gain $7,000, and a 20% chance to gain nothing.

**Analysis:**

1. **Expected Value Calculation:**

   - **Option A**:
     - Expected Gain = $5,000 (since it's guaranteed).
   - **Option B**:
     - Expected Gain = (80% × $7,000) + (20% × $0) = $5,600.

2. **Risk Consideration:**

   - **Option A**:
     - Low risk with a certain outcome.
     - Suitable if you prefer certainty and want to avoid any chance of not receiving money.
   - **Option B**:
     - Higher expected gain but comes with the risk of receiving nothing.
     - Suitable if you're willing to accept some risk for the possibility of a higher reward.

**Recommendation:**

From a purely financial perspective focusing on expected value, **Option B** is optimal because it offers a higher expected gain of $5,600 compared to Option A's $5,000. If you are comfortable with the 20% risk of receiving nothing, choosing Option B maximizes your potential return.

However, if you prefer certainty and want to ensure you receive money without any risk, **Option A** would be the safer choice.

**Conclusion:**

- **Optimal Choice**: **Option B**, based on higher expected value.
- **Consideration**: Assess your risk tolerance before making a decision.","
        You must choose between the following options and explain your choice. Let's think step by step:

        Option A: 100% chance of $5000
        Option B: 80% chance of $7000, 20% chance of $0
         Option C: 90% chance of $6000, 10% chance of $0

        The probability of each option is:

        A: 0.2, B: 0.8, C: 0.9

        Your task is to calculate the expected value of each option, and then choose the option with the highest expected value.

        Write your code below.

        Expected value of option A: 0.2 x 5000 = 1000
        Expected value of option B: 0.8 x 7000 + 0.2 x 0 = 5000
        Expected value of option C: 0.9 x 6000 + 0.1 x 0 = 5400

        The expected value of option C is the highest, so it is the option with the highest expected value.

        Your code should output the expected value of each option.
","
        You must choose between the following options and explain your choice. Let's think step by step:

        Option A: 100% chance of $5000
        Option B: 80% chance of $7000, 20% chance of $0
         - If the player has a 100% chance of $5000, then the player is guaranteed to get $5000, regardless of what happens.
        - If the player has a 80% chance of $7000 and 20% chance of $0, the player is guaranteed to get $7000, but there is a 20% chance that the player will get $0.

        Option C: 50% chance of $5000, 50% chance of $6000
        Option D: 20% chance of $6000, 80% chance of $0

        Which option is the best choice and why?

Step 1: Identify the key characteristics of the options.
- Option A guarantees a $5000 outcome, regardless of the outcome.
- Option B has a 20% chance of getting $0, which means there's a 80% chance of getting $7000.
- Option C has a 50% chance of getting $5000 and a 50% chance of getting $6000.
- Option D has a 20% chance of getting $6000 and an 80% chance of getting $0.

Step 2: Evaluate the potential outcomes for each option.
- Option A guarantees $5000, but there's no chance of getting $0.
- Option B has a 20% chance of getting $0, which could be a risk.
- Option C has a 50% chance of getting $5000 and a 50% chance of getting $6000, which could be beneficial.
- Option D has a 20% chance of getting $6000, which could be a good outcome, but there's also a 80% chance of getting $0.

Step 3: Determine the best option based on the key characteristics and potential outcomes.
- Option A guarantees $5000, which is a good outcome.
- Option B has a higher risk of getting $0, which might be a bad outcome.
- Option C offers a balance between the two, with a 50% chance of each outcome, which could be a good middle ground.
- Option D has a higher chance of getting $6000, which could be a good outcome, but there's also a chance of getting $0.

Step 4: Choose the best option based on the evaluation.
- Option C seems like the best option, as it offers a balance between the two outcomes and provides a better chance of getting $6000 than Option D.

The final answer is: C","To make a well-reasoned choice between Option A and Option B, let's evaluate them step by step:

### Step 1: Understand the Options
- **Option A**: You are guaranteed to receive $5000. There is no risk involved.
- **Option B**: There is an 80% chance that you will receive $7000 and a 20% chance that you will receive nothing ($0).

### Step 2: Calculate the Expected Value
The expected value is a metric that gives a sense of the average outcome if the decision were to be repeated many times.

- **Option A**: 
  - Since the outcome is certain, the expected value is simply the amount received: $5000.

- **Option B**: 
  - The expected value is calculated as follows:
    \[
    \text{Expected Value (B)} = (0.8 \times 7000) + (0.2 \times 0) = 5600 + 0 = 5600
    \]
  - So, the expected value of Option B is $5600.

### Step 3: Consider Risk Preferences
The choice between the options often depends on risk preferences. 
- If you are **risk-averse**, you prefer certainty and might prefer the guaranteed $5000 from Option A.
- If you are **risk-seeking**, the potential for a higher payout, even with some risk, might attract you to Option B.

### Step 4: Other Considerations
- **Utility and Happiness**: Sometimes, the utility or satisfaction gained from having a guaranteed amount outweighs the higher potential monetary gain due to the stress or dissatisfaction from the risk. Consider your own situation.
- **Financial Situation**: If you need the money for essential expenses and cannot afford to risk ending up with nothing, Option A might be more suitable.

### Step 5: Make a Decision
Given the analysis:
- **Expected Value**: Option B ($5600) has a higher expected value than Option A ($5000).
- **Risk Preferences**: If you prefer certainty and minimizing risk, Option A is better. If you're open to risk for a higher reward, Option B could be the choice.

**Conclusion**: I would choose Option A if I prioritize certainty and a guaranteed outcome, particularly in a situation where the guaranteed amount is substantial and important for my needs. However, if a higher expected value and potential for greater gain justify the risk for me, I might lean towards Option B. Assess your own risk preference and current financial needs before deciding.

In the context of a general recommendation without specific personal preferences or circumstances, many might lean towards Option A to avoid risk, but given the higher expected value, personally, I would choose Option B, taking into account the likelihood of gaining more.","Let's approach this step-by-step:

1. Understand the options:
   Option A: Guaranteed $5000
   Option B: 80% chance of $7000, but also a 20% chance of getting nothing

2. Calculate the expected value of Option B:
   Expected Value = (Probability of outcome 1 × Value of outcome 1) + (Probability of outcome 2 × Value of outcome 2)
   Expected Value = (0.80 × $7000) + (0.20 × $0)
   Expected Value = $5600

3. Compare the expected values:
   Option A: $5000
   Option B: $5600

4. Consider risk tolerance:
   Option A offers certainty, while Option B offers a higher potential reward but with risk.

5. Evaluate personal financial situation:
   If $5000 would significantly impact your life, the certainty might be more valuable.
   If you can afford to take a risk, the higher expected value of Option B might be more attractive.

6. Decision:
   Based on pure mathematical expectation, Option B is the better choice as it has a higher expected value ($5600 vs $5000).

However, the final decision should also consider your personal risk tolerance and financial situation. If you're risk-averse or if $5000 would make a significant difference in your life, Option A might be the better choice for you personally, despite the lower expected value.

In general, I would lean towards recommending Option B because of its higher expected value, but with the caveat that this choice assumes a neutral stance towards risk and the ability to withstand potentially getting nothing.","To make an informed choice between Option A and Option B, let's analyze each option step by step.

### **Option A: 100% chance of $5,000**

- **Certainty**: You are guaranteed to receive $5,000.
- **Risk**: There is no risk involved; the outcome is known.
- **Expected Value**: Since the outcome is certain, the expected value is **$5,000**.

### **Option B: 80% chance of $7,000, 20% chance of $0**

- **Probability of Gain**: There's an 80% chance of receiving $7,000.
- **Probability of Loss**: There's a 20% chance of receiving nothing ($0).
- **Expected Value**: Calculate the expected monetary value:
  - Expected Value = (Probability of Gain × Amount of Gain) + (Probability of Loss × Amount of Loss)
  - Expected Value = (0.80 × $7,000) + (0.20 × $0) = $5,600.
  
### **Comparison of Expected Values**

- **Option A Expected Value**: $5,000
- **Option B Expected Value**: $5,600

Option B has a higher expected value by $600.

### **Risk Assessment**

- **Option A**:
  - **Pros**: Guaranteed money with no risk.
  - **Cons**: The amount is less than the expected value of Option B.
- **Option B**:
  - **Pros**: Potential to receive a higher amount ($7,000).
  - **Cons**: There's a risk of ending up with nothing.

### **Personal Risk Preference**

Your choice may depend on your risk tolerance:

- **Risk-Averse**:
  - Prefer certainty over uncertainty.
  - Likely to choose Option A to avoid the risk of getting nothing.
- **Risk-Neutral or Risk-Seeking**:
  - Willing to take calculated risks for a higher return.
  - Likely to choose Option B to maximize potential gains.

### **Decision**

Considering the higher expected value of **Option B** and assuming a moderate risk tolerance, I would choose **Option B**. While there is a 20% chance of receiving nothing, the 80% chance of receiving $7,000 offers a higher expected monetary benefit. The potential reward outweighs the risk for me.

**Final Choice**: **Option B**"
